{
  "criteria": {
    "requirement": {
      "trigger": "minecraft:player_hurt_entity",
      "conditions": {
        "entity": [
          {
            "condition": "minecraft:entity_properties",
            "entity": "this",
            "predicate": {
              "type": "minecraft:slime",
              "nbt": "{Tags:[\"tta.entity.hitbox.frogzilla2.eye\"]}"
            }
          }
        ]
      }
    }
  },
  "rewards": {
    "function": "tta:entity/monster/frogzilla2/event/advancement/hurt_eye"
  }
}