{
  "pools": [
    {
      "rolls": {
        "min": 16,
        "max": 20
      },
      "entries": [
        {
          "type": "minecraft:loot_table",
          "name": "tta:item/garlic"
        }
      ]
    },
    {
      "rolls": 1,
      "entries": [
        {
          "type": "minecraft:loot_table",
          "name": "tta:item/eyestalk"
        }
      ]
    },
    {
      "rolls": {
        "min": 3,
        "max": 4
      },
      "entries": [
        {
          "type": "minecraft:loot_table",
          "name": "tta:item/toxic_sludge"
        }
      ]
    }
  ]
}