{
  "pools": [
    {
      "rolls": {
        "min": 2,
        "max": 3
      },
      "entries": [
        {
          "type": "minecraft:loot_table",
          "name": "tta:item/werewolf_fur"
        }
      ]
    },
    {
      "rolls": 1,
      "entries": [
        {
          "type": "minecraft:loot_table",
          "name": "tta:item/werewolf_claw"
        }
      ]
    },
    {
      "rolls": {
        "min": 1,
        "max": 3
      },
      "entries": [
        {
          "type": "minecraft:item",
          "name": "minecraft:bone"
        }
      ]
    },
	{
      "rolls": {
        "min": 2,
        "max": 4
      },
      "entries": [
        {
          "type": "minecraft:item",
          "name": "minecraft:leather"
        }
      ]
    },
	{
      "rolls": 1,
      "entries": [
		{
          "type": "minecraft:loot_table",
          "weight": 3,
          "name": "tta:item/wooden_stake",
          "functions": [
            {
              "function": "minecraft:set_count",
              "count": {
                "min": 5,
                "max": 12
              }
            }
          ]
        },
        {
          "type": "minecraft:loot_table",
          "weight": 2,
          "name": "tta:item/silver_nugget",
          "functions": [
            {
              "function": "minecraft:set_count",
              "count": {
                "min": 2,
                "max": 5
              }
            }
          ]
        }
      ]
    }
  ]
}