{
	"credit": "Made with Blockbench",
	"texture_size": [128, 32],
	"textures": {
		"0": "tta:gui/alchemy_table/5"
	},
	"elements": [
		{
			"from": [-1.5, 0, 0],
			"to": [17.5, 5, 0],
			"faces": {
				"north": {"uv": [9.5, 0, 0, 10], "texture": "#0"},
				"south": {"uv": [0, 0, 9.5, 10], "texture": "#0"}
			}
		}
	],
	"gui_light": "front",
	"display": {
		"thirdperson_righthand": {
			"scale": [0, 0, 0]
		},
		"thirdperson_lefthand": {
			"scale": [0, 0, 0]
		},
		"firstperson_righthand": {
			"scale": [0, 0, 0]
		},
		"firstperson_lefthand": {
			"scale": [0, 0, 0]
		},
		"ground": {
			"scale": [0, 0, 0]
		},
		"gui": {
			"translation": [-71.9, 4, 0],
			"scale": [4, 4, 4]
		},
		"head": {
			"scale": [0, 0, 0]
		},
		"fixed": {
			"scale": [0, 0, 0]
		}
	}
}