{
	"credit": "Made with Blockbench",
	"textures": {
		"0": "tta:block/garlic_stage4",
		"particle": "tta:block/garlic_stage4"
	},
	"elements": [
		{
			"from": [11.98, -1.02, -0.02],
			"to": [12.02, 15.02, 16.02],
			"faces": {
				"north": {"uv": [0, 0, 0, 4], "texture": "#0"},
				"east": {"uv": [0, 0, 16, 16], "texture": "#0"},
				"south": {"uv": [0, 0, 0, 4], "texture": "#0"},
				"west": {"uv": [16, 0, 0, 16], "texture": "#0"},
				"up": {"uv": [0, 0, 0, 4], "texture": "#0"},
				"down": {"uv": [0, 0, 0, 4], "texture": "#0"}
			}
		},
		{
			"from": [-0.02, -1.02, 11.98],
			"to": [16.02, 15.02, 12.02],
			"faces": {
				"north": {"uv": [16, 0, 0, 16], "texture": "#0"},
				"east": {"uv": [0, 0, 16, 16], "texture": "#0"},
				"south": {"uv": [0, 0, 16, 16], "texture": "#0"},
				"west": {"uv": [0, 0, 16, 16], "texture": "#0"},
				"up": {"uv": [0, 0, 4, 0], "texture": "#0"},
				"down": {"uv": [0, 0, 4, 0], "texture": "#0"}
			}
		},
		{
			"from": [-0.02, -1.02, 3.98],
			"to": [16.02, 15.02, 4.02],
			"faces": {
				"north": {"uv": [0, 0, 16, 16], "texture": "#0"},
				"east": {"uv": [0, 0, 16, 16], "texture": "#0"},
				"south": {"uv": [16, 0, 0, 16], "texture": "#0"},
				"west": {"uv": [0, 0, 16, 16], "texture": "#0"},
				"up": {"uv": [0, 0, 4, 0], "texture": "#0"},
				"down": {"uv": [0, 0, 4, 0], "texture": "#0"}
			}
		},
		{
			"from": [3.98, -1.02, -0.02],
			"to": [4.02, 15.02, 16.02],
			"faces": {
				"north": {"uv": [0, 0, 0, 4], "texture": "#0"},
				"east": {"uv": [16, 0, 0, 16], "texture": "#0"},
				"south": {"uv": [0, 0, 0, 4], "texture": "#0"},
				"west": {"uv": [0, 0, 16, 16], "texture": "#0"},
				"up": {"uv": [0, 0, 0, 4], "texture": "#0"},
				"down": {"uv": [0, 0, 0, 4], "texture": "#0"}
			}
		}
	],
	"display": {
		"thirdperson_righthand": {
			"rotation": [75, 45, 0],
			"translation": [0, 2.5, 0],
			"scale": [0.375, 0.375, 0.375]
		},
		"thirdperson_lefthand": {
			"rotation": [75, 45, 0],
			"translation": [0, 2.5, 0],
			"scale": [0.375, 0.375, 0.375]
		},
		"firstperson_righthand": {
			"rotation": [0, 45, 0],
			"scale": [0.4, 0.4, 0.4]
		},
		"firstperson_lefthand": {
			"rotation": [0, 225, 0],
			"scale": [0.4, 0.4, 0.4]
		},
		"ground": {
			"translation": [0, 3, 0],
			"scale": [0.25, 0.25, 0.25]
		},
		"gui": {
			"rotation": [30, 225, 0],
			"translation": [0, -0.6125, 0],
			"scale": [0.575, 0.575, 0.575]
		},
		"head": {
			"translation": [0, -31.19, 0],
			"scale": [1.602, 1.602, 1.602]
		},
		"fixed": {
			"rotation": [-90, -180, 0],
			"translation": [0, 0, -16.05],
			"scale": [2, 2, 2]
		}
	}
}