{
  "providers": [
     {
      "type": "bitmap",
      "file": "tta:gui/empty_256.png",
      "ascent": -32768,
      "height": -10,
      "chars": [
        "\uc000"
      ]
    },
    {
      "type": "bitmap",
      "file": "tta:gui/alchemy_table/frame.png",
      "ascent": 13,
      "height": 176,
      "chars": [
        "\uc001"
      ]
    },
    {
      "type": "bitmap",
      "file": "tta:gui/empty_256.png",
      "ascent": -32768,
      "height": -171,
      "chars": [
        "\uc002"
      ]
    }
  ]
}
