{
  "pools": [
    {
      "rolls": 1,
      "entries": [
        {
          "type": "minecraft:item",
          "name": "minecraft:warped_fungus_on_a_stick",
          "functions": [
            {
              "function": "minecraft:set_nbt",
              "tag": "{display:{Name:'{\"translate\":\"tta.item.flamethrower\",\"italic\":false}',Lore:['{\"text\":\" \"}','{\"text\":\"When Deployed:\",\"color\":\"gray\",\"italic\":false}','{\"text\":\" 5 Projectile Damage\",\"color\":\"dark_green\",\"italic\":false}','{\"text\":\" 2.8 Attack Speed\",\"color\":\"dark_green\",\"italic\":false}','{\"text\":\"Tall Tales\",\"color\":\"dark_red\",\"bold\":false,\"italic\":true}']},HideFlags:32,CustomModelData:6532003,tta:{item:{id:31,useable:1b,durability:{max:570,uses:570}}}}"
            }
          ]
        }
      ]
    }
  ]
}