{
  "pools": [
    {
      "rolls": 1,
      "entries": [
        {
          "type": "minecraft:item",
          "name": "minecraft:stone_sword",
          "functions": [
            {
              "function": "minecraft:set_nbt",
              "tag": "{display:{Name:'{\"translate\":\"tta.item.silver_sword\",\"italic\":false}',Lore:['{\"text\":\" \"}','{\"text\":\"When in Main Hand:\",\"color\":\"gray\",\"italic\":false}','{\"text\":\" 7 Attack Damage\",\"color\":\"dark_green\",\"italic\":false}','{\"text\":\" 1.6 Attack Speed\",\"color\":\"dark_green\",\"italic\":false}','{\"text\":\"Tall Tales\",\"color\":\"dark_red\",\"bold\":false,\"italic\":true}']},HideFlags:38,Unbreakable:1b,CustomModelData:6532001,AttributeModifiers:[{AttributeName:\"generic.attack_damage\",Name:\"generic.attack_damage\",Amount:6,Operation:0,UUID:[I;1346128297,-1384627655,-1692517060,-794573627],Slot:\"mainhand\"},{AttributeName:\"generic.attack_speed\",Name:\"generic.attack_speed\",Amount:-2.4,Operation:0,UUID:[I;-45402062,450774690,-1168266825,-1098366516],Slot:\"mainhand\"}],tta:{item:{id:20,useable:0b,durability:{max:450,uses:450}}}}"
            }
          ]
        }
      ]
    }
  ]
}
