{
  "pools": [
    {
      "rolls": 1,
      "entries": [
        {
          "type": "minecraft:item",
          "name": "minecraft:structure_block",
          "functions": [
            {
              "function": "minecraft:set_nbt",
              "tag": "{display:{Name:'{\"translate\":\"tta.item.silver_nugget\",\"italic\":false}',Lore:['{\"text\":\"Tall Tales\",\"color\":\"dark_red\",\"bold\":false,\"italic\":true}']},HideFlags:32,CustomModelData:6532005,tta:{item:{id:9,useable:0b,alchemy:1b}}}"
            },
            {
              "function": "minecraft:set_count",
              "count": 9
            }
          ]
        }
      ]
    }
  ]
}
