{
  "pools": [
    {
      "rolls": 1,
      "entries": [
        {
          "type": "minecraft:item",
          "name": "minecraft:clock",
          "functions": [
            {
              "function": "minecraft:set_nbt",
              "tag": "{display:{Name:'{\"translate\":\"tta.item.silver_ingot\",\"italic\":false}',Lore:['{\"text\":\"Tall Tales\",\"color\":\"dark_red\",\"bold\":false,\"italic\":true}']},HideFlags:32,CustomModelData:6532004,tta:{item:{id:8,useable:0b,alchemy:1b}}}"
            }
          ]
        }
      ]
    }
  ]
}