{
  "pools": [
    {
      "rolls": 1,
      "entries": [
        {
          "type": "minecraft:item",
          "name": "minecraft:leather_helmet",
          "functions": [
            {
              "function": "minecraft:set_nbt",
              "tag": "{display:{Name:'{\"translate\":\"tta.item.silver_helmet\"}',color:6631937},HideFlags:64,CustomModelData:6532001,AttributeModifiers:[{AttributeName:\"generic.armor\",Name:\"generic.armor\",Amount:3,Operation:0,UUID:[I;314145665,-1552399341,-2056940640,612363991],Slot:\"head\"},{AttributeName:\"generic.armor_toughness\",Name:\"generic.armor_toughness\",Amount:1,Operation:0,UUID:[I;1213112678,413813395,-1252906654,992835783],Slot:\"head\"}],tta:{item:{id:21,useable:0b}},smithed:{durability:{max:262}}}"
            }
          ]
        }
      ]
    }
  ]
}