{
  "pools": [
    {
      "rolls": 1,
      "entries": [
        {
          "type": "minecraft:item",
          "name": "minecraft:leather_leggings",
          "functions": [
            {
              "function": "minecraft:set_nbt",
              "tag": "{display:{Name:'{\"translate\":\"tta.item.silver_leggings\"}',color:6631937},HideFlags:64,CustomModelData:6532001,AttributeModifiers:[{AttributeName:\"generic.armor\",Name:\"generic.armor\",Amount:6,Operation:0,UUID:[I;-1145979347,-510703800,-1629072411,-1665766408],Slot:\"legs\"},{AttributeName:\"generic.armor_toughness\",Name:\"generic.armor_toughness\",Amount:1,Operation:0,UUID:[I;1689465708,-2008987924,-2015069182,-1243507717],Slot:\"legs\"}],tta:{item:{id:23,useable:0b}},smithed:{durability:{max:356}}}"
            }
          ]
        }
      ]
    }
  ]
}
