{
  "pools": [
    {
      "rolls": 1,
      "entries": [
        {
          "type": "minecraft:item",
          "name": "minecraft:leather_boots",
          "functions": [
            {
              "function": "minecraft:set_nbt",
              "tag": "{display:{Name:'{\"translate\":\"tta.item.silver_boots\"}',color:6631937},HideFlags:64,CustomModelData:6532001,AttributeModifiers:[{AttributeName:\"generic.armor\",Name:\"generic.armor\",Amount:3,Operation:0,UUID:[I;538607010,1179796504,-1765506757,708812097],Slot:\"feet\"},{AttributeName:\"generic.armor_toughness\",Name:\"generic.armor_toughness\",Amount:1,Operation:0,UUID:[I;-1635304756,-227458294,-1959933593,-113522412],Slot:\"feet\"}],tta:{item:{id:24,useable:0b}},smithed:{durability:{max:309}}}"
            }
          ]
        }
      ]
    }
  ]
}
