{
  "pools": [
    {
      "rolls": 1,
      "entries": [
        {
          "type": "minecraft:item",
          "name": "minecraft:leather_chestplate",
          "functions": [
            {
              "function": "minecraft:set_nbt",
              "tag": "{display:{Name:'{\"translate\":\"tta.item.silver_chestplate\"}',color:6631937},HideFlags:64,CustomModelData:6532001,AttributeModifiers:[{AttributeName:\"generic.armor\",Name:\"generic.armor\",Amount:7,Operation:0,UUID:[I;-54668256,912935333,-2005821901,-1636553072],Slot:\"chest\"},{AttributeName:\"generic.armor_toughness\",Name:\"generic.armor_toughness\",Amount:1,Operation:0,UUID:[I;514916037,-2053881577,-1286021436,-983512164],Slot:\"chest\"}],tta:{item:{id:22,useable:0b}},smithed:{durability:{max:380}}}"
            }
          ]
        }
      ]
    }
  ]
}
