{
  "pools": [
    {
      "rolls": 1,
      "entries": [
        {
          "type": "minecraft:item",
          "name": "minecraft:structure_block",
          "functions": [
            {
              "function": "minecraft:set_nbt",
              "tag": "{display:{Name:'{\"translate\":\"tta.item.flamethrower_charge2\",\"italic\":false}',Lore:['{\"text\":\"Tall Tales\",\"color\":\"dark_red\",\"bold\":false,\"italic\":true}']},HideFlags:32,CustomModelData:6532017,tta:{item:{id:33,useable:0b,flamethrowerAmmo:{type:1}}}}"
            },
			{
              "function": "minecraft:set_count",
              "count": 32
            }
          ]
        }
      ]
    }
  ]
}