{
  "pools": [
    {
      "rolls": 1,
      "entries": [
        {
          "type": "minecraft:item",
          "name": "minecraft:snowball",
          "functions": [
            {
              "function": "minecraft:set_nbt",
              "tag": "{display:{Name:'{\"translate\":\"tta.item.stake\",\"italic\":false}',Lore:['{\"text\":\" \"}','{\"text\":\"When Thrown:\",\"color\":\"gray\",\"italic\":false}','{\"text\":\" 4 Projectile Damage\",\"color\":\"dark_green\",\"italic\":false}','{\"text\":\" 4 Attack Speed\",\"color\":\"dark_green\",\"italic\":false}','{\"text\":\"Tall Tales\",\"color\":\"dark_red\",\"bold\":false,\"italic\":true}']},HideFlags:32,CustomModelData:6532001,tta:{item:{id:7,useable:1b}}}"
            }
          ]
        }
      ]
    }
  ]
}