{
	"credit": "Made with Blockbench",
	"textures": {
		"0": "tta:model/silver_stake",
		"particle": "tta:model/silver_stake"
	},
	"elements": [
		{
			"from": [7.99826, 0.068, 4.17039],
			"to": [10.82826, 3.998, 7.00039],
			"rotation": {"angle": 45, "axis": "y", "origin": [7.99944, 2.0165, 7]},
			"faces": {
				"north": {"uv": [10, 4, 7, 8], "texture": "#0"},
				"east": {"uv": [7, 4, 10, 8], "texture": "#0"},
				"up": {"uv": [4, 4, 7, 7], "rotation": 90, "texture": "#0"},
				"down": {"uv": [4, 7, 7, 4], "rotation": 270, "texture": "#0"}
			}
		},
		{
			"from": [6, 0, 5],
			"to": [10, 4, 13],
			"rotation": {"angle": 0, "axis": "y", "origin": [7.99944, 2.0165, 7]},
			"faces": {
				"north": {"uv": [0, 0, 0, 0], "texture": "#0"},
				"east": {"uv": [8, 0, 0, 4], "texture": "#0"},
				"south": {"uv": [8, 0, 12, 4], "texture": "#0"},
				"west": {"uv": [0, 0, 8, 4], "texture": "#0"},
				"up": {"uv": [0, 4, 4, 12], "texture": "#0"},
				"down": {"uv": [0, 12, 4, 4], "texture": "#0"}
			}
		}
	],
	"display": {
		"thirdperson_righthand": {
			"rotation": [90, 0, 90],
			"translation": [-4.75, -1, 0],
			"scale": [0.8, 0.8, 0.8]
		},
		"thirdperson_lefthand": {
			"rotation": [90, 0, 90],
			"translation": [-4.75, -1, 0],
			"scale": [0.8, 0.8, 0.8]
		},
		"firstperson_righthand": {
			"rotation": [20, -5, 100],
			"translation": [-3, 3, -1]
		},
		"firstperson_lefthand": {
			"rotation": [20, -5, 100],
			"translation": [-3, 3, -1]
		},
		"ground": {
			"translation": [0, 4, 0]
		},
		"gui": {
			"rotation": [-143.75, -53.5, 180],
			"translation": [1, 6, 0],
			"scale": [1.5, 1.5, 1.5]
		},
		"head": {
			"rotation": [-90, 0, 0]
		},
		"fixed": {
			"rotation": [90, 45, 0],
			"translation": [-0.5, 0.75, 9],
			"scale": [1.5, 1.5, 1.5]
		}
	},
	"groups": [
		{
			"name": "thing",
			"origin": [8, 8, 8],
			"color": 0,
			"nbt": "{}",
			"armAnimationEnabled": false,
			"children": [0, 1]
		}
	]
}