{
  "name": "tta:toxic_geyser",
  "fallback": "minecraft:empty",
  "elements": [
    {
      "weight": 1,
      "element": {
        "element_type": "minecraft:single_pool_element",
        "location": "tta:toxic_geyser/toxic_geyser_1",
        "projection": "rigid",
        "processors": "minecraft:empty"
      }
    },
	{
      "weight": 1,
      "element": {
        "element_type": "minecraft:single_pool_element",
        "location": "tta:toxic_geyser/toxic_geyser_2",
        "projection": "rigid",
        "processors": "minecraft:empty"
      }
    },
	{
      "weight": 1,
      "element": {
        "element_type": "minecraft:single_pool_element",
        "location": "tta:toxic_geyser/toxic_geyser_3",
        "projection": "rigid",
        "processors": "minecraft:empty"
      }
    },
	{
      "weight": 1,
      "element": {
        "element_type": "minecraft:single_pool_element",
        "location": "tta:toxic_geyser/toxic_geyser_4",
        "projection": "rigid",
        "processors": "minecraft:empty"
      }
    },
	{
      "weight": 1,
      "element": {
        "element_type": "minecraft:single_pool_element",
        "location": "tta:toxic_geyser/toxic_geyser_5",
        "projection": "rigid",
        "processors": "minecraft:empty"
      }
    }
  ]
}