{
	"parent": "tta:main/frogzilla_spawn",
    "display": {
        "title": {
			"translate": "tta.advancement.frogzilla_killed.name"
		},
        "description": {
            "translate": "tta.advancement.frogzilla_killed.description"
        },
        "icon": {
            "item": "minecraft:clock",
            "nbt": "{CustomModelData:6532001}"
        },
        "frame": "task",
        "show_toast": false,
        "announce_to_chat": true,
        "hidden": true
    },
    "criteria": {
        "task1": {
            "trigger": "minecraft:impossible"
        }
    }
}