{
	"parent": "tta:main/root",
    "display": {
        "title": {
			"translate": "tta.advancement.garlic.name"
		},
        "description": {
            "translate": "tta.advancement.garlic.description"
        },
        "icon": {
            "item": "minecraft:item_frame",
            "nbt": "{CustomModelData:6532001}"
        },
        "frame": "task",
        "show_toast": true,
        "announce_to_chat": true,
        "hidden": false
    },
    "criteria": {
    "requirement": {
      "trigger": "minecraft:inventory_changed",
      "conditions": {
        "items": [
          {
            "nbt": "{tta:{item:{id:1}}}"
          }
        ]
      }
    }
  }
}
