{
	"parent": "tta:main/garlic",
    "display": {
        "title": {
			"translate": "tta.advancement.garlic_bread.name"
		},
        "description": {
            "translate": "tta.advancement.garlic_bread.description"
        },
        "icon": {
            "item": "minecraft:bread",
            "nbt": "{CustomModelData:6532001}"
        },
        "frame": "task",
        "show_toast": true,
        "announce_to_chat": true,
        "hidden": false
    },
  "criteria": {
    "requirement": {
      "trigger": "minecraft:consume_item",
      "conditions": {
        "item": {
          "nbt": "{tta:{item:{id:30}}}"
        }
      }
    },
    "eat": {
      "trigger": "minecraft:consume_item",
      "conditions": {
        "item": {
          "nbt": "{tta:{item:{id:30}}}"
        }
      }
    }
  }
}
