{
	"parent": "tta:main/garlic",
    "display": {
        "title": {
			"translate": "tta.advancement.garlic_spawn.name"
		},
        "description": {
            "translate": "tta.advancement.garlic_spawn.description"
        },
        "icon": {
            "item": "minecraft:clock",
            "nbt": "{CustomModelData:6532003}"
        },
        "frame": "task",
        "show_toast": true,
        "announce_to_chat": true,
        "hidden": false
    },
    "criteria": {
    "requirement": {
      "trigger": "minecraft:impossible"
      }
    }
  }
}
