{
    "display": {
        "title": {
            "text": "Tall Tales"
        },
        "description": {
            "translate": "tta.advancement.root.version"
        },
        "icon": {
            "item": "minecraft:stone_sword",
            "nbt": "{CustomModelData:6532001}"
        },
        "frame": "task",
        "show_toast": false,
        "announce_to_chat": false,
        "hidden": false,
        "background": "minecraft:textures/block/red_wool.png"
    },
    "criteria": {
        "root": {
            "trigger": "minecraft:impossible"
        }
    },
    "requirements": [
        [
            "root"
        ]
    ]
}