{
    "parent": "minecraft:block/barrel",
	"overrides": [
		{"predicate": {"custom_model_data": 6532001}, "model": "tta:block/garlic_stage0"},
		{"predicate": {"custom_model_data": 6532002}, "model": "tta:block/garlic_stage1"},
		{"predicate": {"custom_model_data": 6532003}, "model": "tta:block/garlic_stage2"},
		{"predicate": {"custom_model_data": 6532004}, "model": "tta:block/garlic_stage3"},
		{"predicate": {"custom_model_data": 6532005}, "model": "tta:block/garlic_stage4"},
		{"predicate": {"custom_model_data": 6532006}, "model": "tta:block/alchemy_table"},
		{"predicate": {"custom_model_data": 6532008}, "model": "tta:block/slime_geyser"},
		{"predicate": {"custom_model_data": 6532010}, "model": "tta:block/nightshade_stage0"},
		{"predicate": {"custom_model_data": 6532011}, "model": "tta:block/nightshade_stage1"},
		{"predicate": {"custom_model_data": 6532012}, "model": "tta:block/nightshade_stage2"},
		{"predicate": {"custom_model_data": 6532013}, "model": "tta:block/nightshade_stage3"},
		{"predicate": {"custom_model_data": 6532014}, "model": "tta:block/nightshade_stage4"},
		{"predicate": {"custom_model_data": 6532015}, "model": "tta:block/nightshade_stage5"},
		{"predicate": {"custom_model_data": 6532016}, "model": "tta:block/nightshade_stage6"},
		{"predicate": {"custom_model_data": 6532017}, "model": "tta:block/nightshade_stage7"}
	]
}