{
	"parent": "item/generated",
	"textures": {
		"layer0": "item/leather_horse_armor"
	},
	"overrides": [
		{"predicate": {"custom_model_data": 6532001}, "model": "tta:entity/frogzilla/walk"},
		{"predicate": {"custom_model_data": 6532002}, "model": "tta:entity/frogzilla/run"},
		{"predicate": {"custom_model_data": 6532003}, "model": "tta:entity/frogzilla/tongue_1"},
		{"predicate": {"custom_model_data": 6532004}, "model": "tta:entity/frogzilla/turn_right"},
		{"predicate": {"custom_model_data": 6532005}, "model": "tta:entity/frogzilla/turn_left"},
		{"predicate": {"custom_model_data": 6532006}, "model": "tta:entity/frogzilla/tongue_2"},
		{"predicate": {"custom_model_data": 6532007}, "model": "tta:entity/frogzilla/tongue_3"},
		{"predicate": {"custom_model_data": 6532008}, "model": "tta:entity/frogzilla/tongue_4"},
		{"predicate": {"custom_model_data": 6532009}, "model": "tta:entity/frogzilla/tongue_5"},
		{"predicate": {"custom_model_data": 6532010}, "model": "tta:entity/frogzilla/tongue_6"},
		{"predicate": {"custom_model_data": 6532011}, "model": "tta:entity/frogzilla/roar"},
		{"predicate": {"custom_model_data": 6532012}, "model": "tta:entity/frogzilla/explosion"},
		{"predicate": {"custom_model_data": 6532013}, "model": "tta:entity/frogzilla/die"},
		{"predicate": {"custom_model_data": 6532014}, "model": "tta:entity/frogzilla/die_end"},
		{"predicate": {"custom_model_data": 6532015}, "model": "tta:entity/frogzilla/explosion2"},
		{"predicate": {"custom_model_data": 6532016}, "model": "tta:entity/frogzilla/die2"},
		{"predicate": {"custom_model_data": 6532017}, "model": "tta:entity/frogzilla/belly_flop"},
		{"predicate": {"custom_model_data": 6532018}, "model": "tta:entity/frogzilla/getup_loop"},
		{"predicate": {"custom_model_data": 6532019}, "model": "tta:entity/frogzilla/getup"},
		{"predicate": {"custom_model_data": 6532020}, "model": "tta:entity/frogzilla/roar_2"},
		{"predicate": {"custom_model_data": 6532021}, "model": "tta:entity/frogzilla/roar_3"},
		{"predicate": {"custom_model_data": 6532022}, "model": "tta:entity/frogzilla/roar_4"},
		{"predicate": {"custom_model_data": 6532023}, "model": "tta:entity/frogzilla/spit"},
		{"predicate": {"custom_model_data": 6532029}, "model": "tta:entity/eye_laser/idle"},
		{"predicate": {"custom_model_data": 6532030}, "model": "tta:entity/eye_laser/move"},
		{"predicate": {"custom_model_data": 6532031}, "model": "tta:entity/eye_laser/shoot"},
		{"predicate": {"custom_model_data": 6532032}, "model": "tta:entity/eye_laser/die"},
		{"predicate": {"custom_model_data": 6532033}, "model": "tta:entity/eye_laser_manic/idle"},
		{"predicate": {"custom_model_data": 6532034}, "model": "tta:entity/eye_laser_manic/move"},
		{"predicate": {"custom_model_data": 6532035}, "model": "tta:entity/eye_laser_manic/shoot"},
		{"predicate": {"custom_model_data": 6532036}, "model": "tta:entity/eye_laser_manic/die"},
		{"predicate": {"custom_model_data": 6532037}, "model": "tta:entity/garlic/idle"},
		{"predicate": {"custom_model_data": 6532038}, "model": "tta:entity/garlic/sleep/loop"},
		{"predicate": {"custom_model_data": 6532039}, "model": "tta:entity/garlic/sleep/out"},
		{"predicate": {"custom_model_data": 6532040}, "model": "tta:entity/garlic/run"},
		{"predicate": {"custom_model_data": 6532041}, "model": "tta:entity/garlic/detect"},
		{"predicate": {"custom_model_data": 6532042}, "model": "tta:entity/garlic/bite"},
		{"predicate": {"custom_model_data": 6532043}, "model": "tta:entity/garlic/grounded/in"},
		{"predicate": {"custom_model_data": 6532044}, "model": "tta:entity/garlic/grounded/loop"},
		{"predicate": {"custom_model_data": 6532045}, "model": "tta:entity/garlic/grounded/attack"},
		{"predicate": {"custom_model_data": 6532046}, "model": "tta:entity/garlic/grounded/out"},
		{"predicate": {"custom_model_data": 6532047}, "model": "tta:entity/garlic/hide/in"},
		{"predicate": {"custom_model_data": 6532048}, "model": "tta:entity/garlic/hide/loop"},
		{"predicate": {"custom_model_data": 6532049}, "model": "tta:entity/garlic/hide/out"},
		{"predicate": {"custom_model_data": 6532050}, "model": "tta:entity/garlic/dig/in"},
		{"predicate": {"custom_model_data": 6532051}, "model": "tta:entity/garlic/dig/out"},
		{"predicate": {"custom_model_data": 6532052}, "model": "tta:entity/garlic/die_ground"},
		{"predicate": {"custom_model_data": 6532053}, "model": "tta:entity/garlic/die_mobile"},
		{"predicate": {"custom_model_data": 6532054}, "model": "tta:entity/garlic/sleep/in"},
		{"predicate": {"custom_model_data": 6532055}, "model": "tta:entity/garlic/die_ground_end"},
		{"predicate": {"custom_model_data": 6532056}, "model": "tta:entity/garlic/die_mobile_end"},
		{"predicate": {"custom_model_data": 6532501}, "model": "tta:entity/frogzilla/hurt/walk"},
		{"predicate": {"custom_model_data": 6532502}, "model": "tta:entity/frogzilla/hurt/run"},
		{"predicate": {"custom_model_data": 6532503}, "model": "tta:entity/frogzilla/hurt/tongue_1"},
		{"predicate": {"custom_model_data": 6532504}, "model": "tta:entity/frogzilla/hurt/turn_right"},
		{"predicate": {"custom_model_data": 6532505}, "model": "tta:entity/frogzilla/hurt/turn_left"},
		{"predicate": {"custom_model_data": 6532506}, "model": "tta:entity/frogzilla/hurt/tongue_2"},
		{"predicate": {"custom_model_data": 6532507}, "model": "tta:entity/frogzilla/hurt/tongue_3"},
		{"predicate": {"custom_model_data": 6532508}, "model": "tta:entity/frogzilla/hurt/tongue_4"},
		{"predicate": {"custom_model_data": 6532509}, "model": "tta:entity/frogzilla/hurt/tongue_5"},
		{"predicate": {"custom_model_data": 6532510}, "model": "tta:entity/frogzilla/hurt/tongue_6"},
		{"predicate": {"custom_model_data": 6532511}, "model": "tta:entity/frogzilla/hurt/roar"},
		{"predicate": {"custom_model_data": 6532517}, "model": "tta:entity/frogzilla/hurt/belly_flop"},
		{"predicate": {"custom_model_data": 6532518}, "model": "tta:entity/frogzilla/hurt/getup_loop"},
		{"predicate": {"custom_model_data": 6532519}, "model": "tta:entity/frogzilla/hurt/getup"},
		{"predicate": {"custom_model_data": 6532520}, "model": "tta:entity/frogzilla/hurt/roar_2"},
		{"predicate": {"custom_model_data": 6532521}, "model": "tta:entity/frogzilla/hurt/roar_3"},
		{"predicate": {"custom_model_data": 6532522}, "model": "tta:entity/frogzilla/hurt/roar_4"},
		{"predicate": {"custom_model_data": 6532523}, "model": "tta:entity/frogzilla/hurt/spit"}
	]
}